ID,回答日,時間帯,立場,学校種,性別,ICT経験年数,満足度,推奨度,利用頻度,コメント
1,2025-04-27,午前,生徒,中学校,女性,2,4,7,週1回,タブレットを使った授業は楽しいです。特にプログラミングの時間が好きです。
2,2025-05-15,午前,生徒,中学校,男性,3,4,7,週1回,デジタル教材は分かりやすいけど、目が疲れることがあります。
3,2025-06-21,夕方,生徒,小学校,男性,2,4,7,週1回,オンライン授業で友達と協働学習できるのが良いと思います。チャットで気軽に質問できます。
4,2025-07-22,午後,生徒,中学校,男性,4,4,8,週1回,プログラミングは最初は難しかったけど、Scratchで慣れてきました。楽しいです。
5,2025-09-23,夕方,生徒,高校,女性,2,3,7,月数回,タブレットでの調べ学習が便利です。図書館に行かなくても色々調べられます。
6,2025-10-10,夕方,生徒,高校,女性,2,4,8,毎日,デジタル教材の動画はとても分かりやすいです。何度も見直せるのが良いです。
7,2025-11-11,午後,生徒,小学校,女性,3,5,9,週1回,Wi-Fiが遅い時があって困ります。もっと通信環境を良くしてほしいです。
8,2025-12-19,夕方,生徒,中学校,男性,2,3,7,月数回,協働学習でスライドを一緒に作るのが楽しいです。友達の意見も聞けます。
9,2025-04-27,午前,生徒,高校,女性,2,4,8,週1回,タブレットの操作は簡単ですが、タイピングはもっと練習が必要です。
10,2025-05-17,午後,生徒,高校,男性,3,3,7,週数回,プログラミング授業でロボットを動かすのがとても面白かったです。
11,2025-06-18,夕方,生徒,中学校,男性,4,4,7,毎日,オンラインテストはすぐに結果が分かるので好きです。
12,2025-07-05,夕方,生徒,高校,女性,2,4,8,月数回,デジタルポートフォリオで自分の作品を振り返れるのが嬉しいです。
13,2025-09-10,午後,生徒,小学校,男性,5,3,5,週数回,情報モラルの授業はためになりました。SNSの使い方を見直しました。
14,2025-10-08,午後,生徒,高校,男性,5,4,5,週1回,ICTを使ったグループワークで発表力がついたと思います。
15,2025-11-14,午後,生徒,中学校,女性,5,3,8,週数回,タブレットが重くて持ち運びが大変です。もっと軽いものがいいです。
16,2025-12-12,午後,生徒,中学校,女性,1,4,7,週1回,プログラミングでゲームを作れるようになりたいです。もっと時間が欲しいです。
17,2025-04-13,午前,生徒,中学校,女性,2,4,6,週数回,オンライン授業は家でも勉強できるので便利ですが、集中しにくい時もあります。
18,2025-05-22,午後,生徒,中学校,男性,1,5,6,月数回,デジタル教材は紙の教科書より検索しやすいです。便利だと思います。
19,2025-06-08,午前,生徒,高校,女性,3,4,8,月数回,協働学習で他のクラスの生徒と交流できたのが良い経験でした。
20,2025-07-16,午後,生徒,中学校,女性,1,4,7,週1回,情報セキュリティについてもっと詳しく学びたいです。パスワード管理が大事だと分かりました。
21,2025-09-24,夕方,教員,中学校,男性,10,5,7,週数回,タブレット導入により生徒の学習意欲が向上しています。個別最適化された指導が可能になりました。
22,2025-10-20,午前,教員,小学校,男性,12,3,7,週数回,デジタル教材の作成に時間がかかりますが、一度作れば繰り返し使えるので効率的です。
23,2025-11-21,午後,教員,中学校,男性,10,3,10,週数回,プログラミング教育の研修をもっと充実させてほしいです。教員のICTスキル向上が必要です。
24,2025-12-17,午前,教員,中学校,女性,10,5,10,週数回,オンラインと対面のハイブリッド授業の進め方に悩んでいます。効果的な方法を模索中です。
25,2025-04-07,午後,教員,中学校,女性,5,4,7,毎日,協働学習ツールを活用することで、生徒間のコミュニケーションが活発になりました。
26,2025-05-10,夕方,教員,中学校,男性,6,4,9,週数回,ICT機器のトラブル対応に時間を取られることがあります。サポート体制の強化を希望します。
27,2025-06-08,夕方,教員,小学校,女性,5,5,9,毎日,デジタル教材を活用した授業では生徒の理解度が高まっている印象です。
28,2025-07-10,夕方,教員,高校,女性,12,5,9,週数回,保護者からのICT教育への関心が高まっています。家庭との連携が重要です。
29,2025-09-04,夕方,教員,小学校,女性,6,5,7,毎日,プログラミング的思考は他教科にも活かせると実感しています。教科横断的な指導を心がけています。
30,2025-10-11,午後,教員,中学校,女性,8,4,10,週数回,オンライン上での生徒の安全を守るため、情報モラル教育の充実が不可欠です。
31,2025-11-03,午後,教員,中学校,男性,8,4,9,週数回,ICTを活用した授業評価により、生徒一人ひとりの理解度を把握しやすくなりました。
32,2025-12-10,午前,教員,高校,男性,3,4,6,週数回,デジタル教科書の導入で授業準備の効率が大幅に改善されました。
33,2025-04-18,夕方,教員,中学校,男性,8,5,6,週数回,タブレット活用により探究学習の幅が広がりました。生徒が主体的に学ぶ姿が増えています。
34,2025-05-09,午後,教員,小学校,男性,10,5,6,週数回,ICT研修で学んだことを校内で共有する仕組みを作りたいです。
35,2025-06-12,午後,教員,高校,男性,4,5,6,週数回,通信環境の安定化が最優先課題です。授業中の接続不良が学習効果を下げています。
36,2025-07-18,夕方,教員,高校,女性,10,3,7,週数回,協働学習ではリーダーシップを発揮する生徒が増え、社会性の向上にもつながっています。
37,2025-09-17,午前,教員,高校,女性,15,5,8,毎日,デジタル教材と従来の教材を組み合わせた指導法が最も効果的だと感じています。
38,2025-10-22,夕方,教員,中学校,男性,15,5,7,毎日,プログラミング教育を通じて論理的思考力が養われていることを実感します。
39,2025-11-03,夕方,教員,小学校,男性,8,5,8,毎日,オンラインでの保護者面談も始まり、ICTの活用範囲が広がっています。
40,2025-12-23,午後,教員,小学校,女性,4,5,9,週数回,AIドリルの導入で個別の学力に応じた課題を出せるようになりました。効果を感じています。
